{
  "started_at": 1778114088.78251,
  "calls": 1,
  "in_miss": 883,
  "in_hit": 128,
  "out": 903,
  "cost": 0.0012406700000000001,
  "last_at": 1778114088.78251
}