{
  "started_at": 1778319598.4953442,
  "calls": 1,
  "in_miss": 636,
  "in_hit": 128,
  "out": 548,
  "cost": 0.00078348,
  "last_at": 1778319598.4953442
}