{
  "started_at": 1777985477.6905253,
  "calls": 1,
  "in_miss": 631,
  "in_hit": 0,
  "out": 1033,
  "cost": 0.0013066700000000002,
  "last_at": 1777985477.6905253
}