{
  "started_at": 1778467116.682631,
  "calls": 1,
  "in_miss": 562,
  "in_hit": 128,
  "out": 564,
  "cost": 0.0007811000000000001,
  "last_at": 1778467116.682631
}