{
  "started_at": 1778196840.9985733,
  "calls": 1,
  "in_miss": 708,
  "in_hit": 128,
  "out": 647,
  "cost": 0.00091182,
  "last_at": 1778196840.9985733
}