{
  "started_at": 1782193742.3216252,
  "last_at": 1782200699.1582897,
  "cost": 0.0014294,
  "calls": 2,
  "in_miss": 2073,
  "in_hit": 0,
  "out": 323
}