{
  "started_at": 1780008997.9911776,
  "last_at": 1780057783.4281404,
  "cost": 0.18184799999999998,
  "calls": 14,
  "in_miss": 136438,
  "in_hit": 0,
  "out": 9082
}